{
	"id": "550c84eb-63fa-4457-9ec5-659556c9f69d",
	"name": "Automation01",
	"values": [
		{
			"key": "MainUrl",
			"value": "https://restful-booker.herokuapp.com",
			"type": "default",
			"enabled": true
		},
		{
			"key": "id",
			"value": "",
			"type": "any",
			"enabled": true
		},
		{
			"key": "token",
			"value": "",
			"type": "any",
			"enabled": true
		}
	],
	"_postman_variable_scope": "environment",
	"_postman_exported_at": "2025-01-21T17:57:12.322Z",
	"_postman_exported_using": "Postman/11.29.2-250121-0708"
}